{
    "test": {
        "index_finger": 0.8791447992291652,
        "middle_finger": 0.751982097107735,
        "ring_finger": 0.7667666140153285,
        "thumb": 0.756405685750176
    }
}